{"cameraMode":{"drawMode":0,"name":"Shaded","section":"Shading Mode"},"sceneLighting":true,"audioPlay":false,"sceneViewState":{"showFog":true,"showMaterialUpdate":false,"showSkybox":true,"showFlares":true,"showImageEffects":true,"showParticleSystems":true},"in2DMode":false,"pivot":{"x":101.600830078125,"y":-112.47097778320313,"z":59.812591552734378},"rotation":{"x":0.48314595222473147,"y":0.20744602382183076,"z":-0.11899921298027039,"w":0.8422442078590393},"size":483.44146728515627,"orthographic":false}