{"cameraMode":{"drawMode":0,"name":"Shaded","section":"Shading Mode"},"sceneLighting":true,"audioPlay":false,"sceneViewState":{"showFog":true,"showMaterialUpdate":false,"showSkybox":true,"showFlares":true,"showImageEffects":true,"showParticleSystems":true},"in2DMode":false,"pivot":{"x":-14.724761962890625,"y":-80.76025390625,"z":149.5132598876953},"rotation":{"x":0.3742637038230896,"y":0.2601945698261261,"z":-0.11025743931531906,"w":0.883215069770813},"size":483.44146728515627,"orthographic":false}